{"train_loss": 0.6391351217117706, "_timestamp": 1734364078.0023255, "_runtime": 134.82216143608093, "_step": 1, "test_loss": 0.6119992049475571, "auc": 75.99, "acc": 69.06, "doa": 74.31, "_wandb": {"runtime": 136}}